auuc,random_area,qini_coef,max_qini_gain,final_qini_gain
0.005091578537498559,0.09909909909909907,-0.09400752056160051,0.23958333333333337,0.19819819819819817
