auuc,random_area,qini_coef,max_qini_gain,final_qini_gain
4.771020242627847,1.7584269662921348,3.012593276335712,7.154929577464788,3.5168539325842696
