top_pct,n_total,n_treat,n_control,treat_response_rate,control_response_rate,uplift,incremental_responders
0.1,20,11,9,0.2727272727272727,0.1111111111111111,0.1616161616161616,1.7777777777777777
0.2,40,22,18,0.3181818181818182,0.05555555555555555,0.26262626262626265,5.777777777777779
0.3,60,33,27,0.21212121212121213,0.037037037037037035,0.1750841750841751,5.777777777777778
