top_pct,n_total,n_treat,n_control,treat_response_rate,control_response_rate,uplift,incremental_responders
0.1,20,12,8,0.08333333333333333,0.125,-0.04166666666666667,-0.5
0.2,40,22,18,0.045454545454545456,0.05555555555555555,-0.010101010101010097,-0.22222222222222213
0.3,60,32,28,0.03125,0.03571428571428571,-0.004464285714285712,-0.1428571428571428
